Accuracy,Specificity,Sensitivity
80.72232,80.7569942,45.5128205