model,Acc,Sen
LR,86.09,37.5
RF,99.69,0
NN1,77.51212,47.4747475
NN2,77.75,46.88