Accuracy,Specificity,Sensitivity
77.51212,77.5344171,47.4747475