model,Acc,Sen
LR,88.28,38.24
RF,89.59,31.1
NN1,75.864334,55.294118
NN2,73.45,57.74