model,Acc,Sen
LR,88.28,38.24
RF,89.59,31.1
NN1,77.60278,50.784314
NN2,73.45,57.74