model,Acc,Sen
LR,86.61,52.17
RF,89.99,41.11
NN1,78.8792391,66.1064426
NN2,74.22,65.61