model,Acc,Sen
LR,86.61,52.17
RF,89.99,41.11
NN1,78.81136,64.4257703
NN2,74.22,65.61