Accuracy,Specificity,Sensitivity
78.81136,78.8499391,64.4257703