Accuracy,Specificity,Sensitivity
78.84507,78.8792391,66.1064426