model,Acc,Sen
LR,95.18,9.6
RF,95.18,8.08
NN1,71.69143,43.45469
NN2,88.04,17.1