model,Acc,Sen
LR,87.64,54.74
RF,88.8,48.42
NN1,79.23245,67.915691
NN2,84.16,59.65