model,Acc,Sen
LR,87.64,54.74
RF,88.8,48.42
NN1,81.48101,63.700234
NN2,84.16,59.65