model,Acc,Sen
LR,85.49,50.08
RF,86.19,45.23
NN1,72.25898,63.945578
NN2,83.26,56.11