Accuracy,Specificity,Sensitivity
82.93684,82.9758512,40.6504065