Accuracy,Specificity,Sensitivity
79.03981,79.0680207,45.9259259