Accuracy,Specificity,Sensitivity
78.44496,78.4708265,50.4065041