model,Acc,Sen
LR,86.39,27.27
RF,99.43,2.6
NN1,82.93684,40.6504065
NN2,79.22,35.06